the_geom,H_NO,BIN,ADDRESS_ID,HNO_SUFFIX,HYPHEN_TYP,SIDE_OF_ST,SPECIAL_CO,BOROCODE,ZIPCODE,CREATED,MODIFIED,ST_NAME,HN_RNG,HN_RNG_SUF,PHYSICALID,PRE_MODIFI,PRE_DIRECT,PRE_TYPE,POST_TYPE,POST_DIREC,POST_MODIF,FULL_STREE
POINT (-73.97940791208316 40.756085886290094),560,1034253,1030290,,N,1,V,1,10036,04/06/2009 12:00:00 AM +0000,09/25/2015 12:00:00 AM +0000,5,,,1851,,,,AVE,,,5 AVE
POINT (-73.99426621088828 40.70193654938605),25,3001479,3002257,,N,1,V,3,11201,02/13/2009 12:00:00 AM +0000,09/09/2016 12:00:00 AM +0000,COLUMBIA,,,100296,,,,HTS,,,COLUMBIA HTS
POINT (-73.91888160897726 40.712779452812015),1903,4080420,89223,,N,1,V,4,11385,09/23/2008 12:00:00 AM +0000,07/16/2015 12:00:00 AM +0000,FLUSHING,,,23102,,,,AVE,,,FLUSHING AVE
POINT (-73.98637573862578 40.77857091070502),205,1070766,1027498,,N,1,V,1,10023,04/06/2009 12:00:00 AM +0000,09/09/2016 12:00:00 AM +0000,END,,,4140,,W,,AVE,,,W  END AVE
POINT (-73.91269643851712 40.88418333951877),3205,2114036,5178668,,N,2,V,2,10463,04/28/2017 12:00:00 AM +0000,11/30/1899 12:00:00 AM +0000,ARLINGTON,,,61034,,,,AVE,,,ARLINGTON AVE
POINT (-73.90772721221421 40.710759052483596),2130,4080294,89036,,N,2,V,4,11385,09/23/2008 12:00:00 AM +0000,07/06/2015 12:00:00 AM +0000,HARMAN,,,102621,,,,ST,,,HARMAN ST
POINT (-73.826987794325 40.868782727113185),2094,2095484,5178751,,N,1,V,2,10475,04/28/2017 12:00:00 AM +0000,11/30/1899 12:00:00 AM +0000,BARTOW,,,58695,,,,AVE,,,BARTOW AVE
POINT (-73.8271177769432 40.86859387683474),2098,2095484,5178753,,N,1,V,2,10475,04/28/2017 12:00:00 AM +0000,11/30/1899 12:00:00 AM +0000,BARTOW,,,58695,,,,AVE,,,BARTOW AVE
POINT (-73.82727727114451 40.8673536761225),2130,2116658,5178756,,N,2,V,2,10475,04/28/2017 12:00:00 AM +0000,11/30/1899 12:00:00 AM +0000,BARTOW,,,58697,,,,AVE,,,BARTOW AVE
POINT (-73.91227573371737 40.81996752539329),739,2120125,5178955,,N,1,V,2,10451,05/02/2017 12:00:00 AM +0000,11/30/1899 12:00:00 AM +0000,BROOK,,,59678,,,,AVE,,,BROOK AVE
POINT (-73.89902017357042 40.82370113645165),866,2120263,5179068,,N,1,V,2,10459,05/03/2017 12:00:00 AM +0000,11/30/1899 12:00:00 AM +0000,165,,,64293,,E,,ST,,,E  165 ST
POINT (-73.88512298316613 40.841489121074524),1926,2010621,5179426,,N,2,V,2,10460,05/09/2017 12:00:00 AM +0000,11/30/1899 12:00:00 AM +0000,CROTONA,,,95365,,,,PKWY,,,CROTONA PKWY
POINT (-73.97339506729043 40.797144171784375),260,1057080,1047331,,N,2,V,1,10025,04/06/2009 12:00:00 AM +0000,09/22/2015 12:00:00 AM +0000,RIVERSIDE,,,23373,,,,DR,,,RIVERSIDE DR
POINT (-73.90761958078659 40.81369631020187),560,2120246,5179257,,N,2,V,2,10455,05/05/2017 12:00:00 AM +0000,11/30/1899 12:00:00 AM +0000,CONCORD,,,35893,,,,AVE,,,CONCORD AVE
POINT (-73.95005651631091 40.60198549422357),2123,3197125,3249699,,N,1,V,3,11229,02/13/2009 12:00:00 AM +0000,08/14/2015 12:00:00 AM +0000,T,,,45621,,,AVE,,,,AVE T
POINT (-73.91111963353383 40.82022402165691),759,2096542,2002378,,N,1,V,2,10451,03/16/2009 12:00:00 AM +0000,09/25/2015 12:00:00 AM +0000,ST ANNS,,,100810,,,,AVE,,,ST ANNS AVE
POINT (-73.98342532310788 40.78368074384918),50,1031092,1027697,,N,2,V,1,10024,04/06/2009 12:00:00 AM +0000,03/21/2018 12:00:00 AM +0000,RIVERSIDE,,,183552,,,,DR,,,RIVERSIDE DR
POINT (-73.8323260054998 40.65618452367665),14,4296183,328699,A,N,2,V,4,11414,09/23/2008 12:00:00 AM +0000,08/19/2015 12:00:00 AM +0000,VAN DER LINN,,,138766,,,,ST,,,VAN DER LINN ST
POINT (-74.15284005213235 40.60425357030186),2800,5107296,5125714,F,N,1,V,5,10314,08/03/2011 12:00:00 AM +0000,08/21/2015 12:00:00 AM +0000,VICTORY,,,104263,,,,BLVD,,,VICTORY BLVD
POINT (-74.14902430693604 40.59869652162256),2800,5107303,5125747,Q,N,2,V,5,10314,08/03/2011 12:00:00 AM +0000,08/21/2015 12:00:00 AM +0000,VICTORY,,,105560,,,,BLVD,,,VICTORY BLVD
POINT (-74.0865721616756 40.61345152426877),538,5147502,9208167,,N,2,V,5,10304,06/15/2011 12:00:00 AM +0000,08/25/2015 12:00:00 AM +0000,VANDERBILT,,,100304,,,,AVE,,,VANDERBILT AVE
POINT (-73.956373296911 40.7865602128127),1130,1073036,1037221,,N,1,V,1,10128,04/06/2009 12:00:00 AM +0000,09/29/2015 12:00:00 AM +0000,5,,,21703,,,,AVE,,,5 AVE
POINT (-73.91111898959431 40.81996664340463),755,2096558,2002409,,N,2,V,2,10451,03/16/2009 12:00:00 AM +0000,09/25/2015 12:00:00 AM +0000,ST ANNS,,,100810,,,,AVE,,,ST ANNS AVE
POINT (-73.91064737783856 40.894007438609634),4655,2085840,2098919,,N,1,V,2,10471,03/16/2009 12:00:00 AM +0000,08/27/2015 12:00:00 AM +0000,ARLINGTON,,,164032,,,,AVE,,,ARLINGTON AVE
POINT (-73.96403762872197 40.771362700962655),760,1041463,1062160,,N,1,V,1,10021,04/06/2009 12:00:00 AM +0000,09/29/2015 12:00:00 AM +0000,PARK,,,23269,,,,AVE,,,PARK AVE
POINT (-73.96472502984517 40.76906797830742),701,1042480,1034296,,N,1,V,1,10021,04/06/2009 12:00:00 AM +0000,09/29/2015 12:00:00 AM +0000,PARK,,,81630,,,,AVE,,,PARK AVE
POINT (-73.95943650261951 40.7778524379114),960,1046759,1062292,,N,1,V,1,10028,04/06/2009 12:00:00 AM +0000,09/29/2015 12:00:00 AM +0000,PARK,,,89913,,,,AVE,,,PARK AVE
POINT (-73.97727186072865 40.75016782385385),350,1019491,1021569,,N,2,V,1,10016,04/06/2009 12:00:00 AM +0000,09/25/2015 12:00:00 AM +0000,LEXINGTON,,,23411,,,,AVE,,,LEXINGTON AVE
POINT (-73.91101142520691 40.81994505650899),753,2096557,2002408,A,R,2,V,2,10451,03/16/2009 12:00:00 AM +0000,09/25/2015 12:00:00 AM +0000,ST ANNS,753,D,100810,,,,AVE,,,ST ANNS AVE
POINT (-73.91109027978206 40.819956743530696),755,2096558,2002410,A,R,2,V,2,10451,03/16/2009 12:00:00 AM +0000,09/25/2015 12:00:00 AM +0000,ST ANNS,755,D,100810,,,,AVE,,,ST ANNS AVE
POINT (-73.91083192182141 40.819903210798216),749,2096555,2002404,A,R,2,V,2,10451,03/16/2009 12:00:00 AM +0000,09/25/2015 12:00:00 AM +0000,ST ANNS,749,D,100810,,,,AVE,,,ST ANNS AVE
POINT (-73.98124588517352 40.74965372903523),233,1017198,1020276,,N,1,V,1,10016,04/06/2009 12:00:00 AM +0000,09/28/2015 12:00:00 AM +0000,MADISON,,,23427,,,,AVE,,,MADISON AVE
POINT (-73.9790597115872 40.749523835885945),67,1019122,1021471,,N,1,V,1,10016,04/06/2009 12:00:00 AM +0000,09/28/2015 12:00:00 AM +0000,PARK,,,4133,,,,AVE,,,PARK AVE
POINT (-73.9573935698764 40.779215385532346),1015,1047698,1037577,,N,2,V,1,10028,04/06/2009 12:00:00 AM +0000,09/28/2015 12:00:00 AM +0000,PARK,,,19541,,,,AVE,,,PARK AVE
POINT (-73.96648924257603 40.789790443715376),327,1031638,1028339,,N,1,V,1,10025,04/06/2009 12:00:00 AM +0000,09/28/2015 12:00:00 AM +0000,CENTRAL PARK,,,23391,,,,,W,,CENTRAL PARK  W
POINT (-73.96197282464355 40.77892378570266),1010,1046740,1036750,,N,1,V,1,10028,04/06/2009 12:00:00 AM +0000,09/28/2015 12:00:00 AM +0000,5,,,89914,,,,AVE,,,5 AVE
POINT (-73.98120935147018 40.74769496591666),16,1017106,1020198,,N,2,V,1,10016,04/06/2009 12:00:00 AM +0000,09/28/2015 12:00:00 AM +0000,PARK,,,80033,,,,AVE,,,PARK AVE
POINT (-73.9547967490672 40.784253278684986),1160,1047074,1037130,,N,1,V,1,10128,04/06/2009 12:00:00 AM +0000,09/28/2015 12:00:00 AM +0000,PARK,,,21749,,,,AVE,,,PARK AVE
POINT (-73.9639930204268 40.77611035811226),969,1041848,1033758,,N,2,V,1,10075,04/06/2009 12:00:00 AM +0000,09/28/2015 12:00:00 AM +0000,5,,,81593,,,,AVE,,,5 AVE
POINT (-73.98682219277809 40.74223191049776),27,1016743,1019908,,N,1,V,1,10010,04/06/2009 12:00:00 AM +0000,09/28/2015 12:00:00 AM +0000,MADISON,,,16781,,,,AVE,,,MADISON AVE
POINT (-73.9572640001647 40.785297600326025),1109,1047052,1037101,,N,1,V,1,10128,04/06/2009 12:00:00 AM +0000,09/28/2015 12:00:00 AM +0000,5,,,21750,,,,AVE,,,5 AVE
POINT (-73.95947205074836 40.782126747347434),1060,1046913,1036921,,N,1,V,1,10128,04/06/2009 12:00:00 AM +0000,09/28/2015 12:00:00 AM +0000,5,,,21742,,,,AVE,,,5 AVE
POINT (-74.07074531719294 40.609478152847096),195,5044065,5056032,,N,1,V,5,10305,02/20/2009 12:00:00 AM +0000,09/25/2015 12:00:00 AM +0000,ST JOHNS,,,100521,,,,AVE,,,ST JOHNS AVE
POINT (-73.98038063119932 40.74929342669818),50,1017205,5167002,E,N,1,V,1,10016,09/25/2015 12:00:00 AM +0000,11/30/1899 12:00:00 AM +0000,PARK,,,23427,,,,AVE,,,PARK AVE
POINT (-73.9804519336196 40.74932332313637),50,1017205,5167003,W,N,1,V,1,10016,09/25/2015 12:00:00 AM +0000,11/30/1899 12:00:00 AM +0000,PARK,,,23427,,,,AVE,,,PARK AVE
POINT (-73.972613539424 40.79659559153834),777,1057070,1047320,,N,1,V,1,10025,04/06/2009 12:00:00 AM +0000,09/25/2015 12:00:00 AM +0000,END,,,23373,,W,,AVE,,,W  END AVE
POINT (-73.9603084323711 40.757380364307444),1,1040724,1032768,,N,1,V,1,10022,04/06/2009 12:00:00 AM +0000,09/28/2015 12:00:00 AM +0000,SUTTON,,,82184,,,,PL,,,SUTTON PL
POINT (-73.92036575707492 40.83505292850836),70,2002958,5158901,,N,2,V,2,10452,01/08/2014 12:00:00 AM +0000,09/28/2015 12:00:00 AM +0000,167,,,62438,,E,,ST,,,E  167 ST
POINT (-73.95984819008277 40.7771941498217),940,1046669,1036718,,N,1,V,1,10028,04/06/2009 12:00:00 AM +0000,10/01/2015 12:00:00 AM +0000,PARK,,,81873,,,,AVE,,,PARK AVE
POINT (-73.96687184469214 40.772210124970776),907,1041378,5125332,,N,2,V,1,10021,07/21/2011 12:00:00 AM +0000,10/01/2015 12:00:00 AM +0000,5,,,23270,,,,AVE,,,5 AVE
POINT (-74.02012032766291 40.64997662515138),5100,3332515,5125956,,N,2,V,3,11232,08/09/2011 12:00:00 AM +0000,10/01/2015 12:00:00 AM +0000,1,,,42327,,,,AVE,,,1 AVE
POINT (-73.95269690629307 40.57749413269686),179,3246019,5126062,A,N,2,V,3,11235,08/12/2011 12:00:00 AM +0000,10/01/2015 12:00:00 AM +0000,END,,,98122,,W,,AVE,,,W  END AVE
POINT (-73.95254922010756 40.57747698311208),179,3246027,5126063,B,N,2,V,3,11235,08/12/2011 12:00:00 AM +0000,10/01/2015 12:00:00 AM +0000,END,,,98122,,W,,AVE,,,W  END AVE
POINT (-73.95270776936269 40.5775561115309),177,3246020,5126065,A,N,1,V,3,11235,08/12/2011 12:00:00 AM +0000,10/01/2015 12:00:00 AM +0000,END,,,98122,,W,,AVE,,,W  END AVE
POINT (-73.95257783421106 40.57756769423485),177,3245988,5126067,B,N,1,V,3,11235,08/12/2011 12:00:00 AM +0000,10/01/2015 12:00:00 AM +0000,END,,,98122,,W,,AVE,,,W  END AVE
POINT (-73.96182577168592 40.81024206917392),3030,1084472,5127915,,N,1,V,1,10027,11/09/2011 12:00:00 AM +0000,10/01/2015 12:00:00 AM +0000,BROADWAY,,,81600,,,,,,,BROADWAY
POINT (-73.93699438168846 40.584246620276296),3047,3247656,5136408,A,N,2,V,3,11235,08/27/2012 12:00:00 AM +0000,10/01/2015 12:00:00 AM +0000,EMMONS,,,98154,,,,AVE,,,EMMONS AVE
POINT (-73.93700105618754 40.58428140271119),3047,3247656,5136409,B,N,2,V,3,11235,08/27/2012 12:00:00 AM +0000,10/01/2015 12:00:00 AM +0000,EMMONS,,,98154,,,,AVE,,,EMMONS AVE
POINT (-73.93701211906398 40.58433905950698),3047,3247656,5136412,C,N,2,V,3,11235,08/27/2012 12:00:00 AM +0000,10/01/2015 12:00:00 AM +0000,EMMONS,,,98154,,,,AVE,,,EMMONS AVE
POINT (-73.99986243994216 40.7310534455709),39,1008759,5132909,A,N,1,V,1,10012,05/04/2012 12:00:00 AM +0000,10/01/2015 12:00:00 AM +0000,WASHINGTON,,,1266,,,,SQ,W,,WASHINGTON SQ W
POINT (-73.99984058262096 40.73104261595641),39,1008759,5132910,1/2,N,1,V,1,10012,05/04/2012 12:00:00 AM +0000,10/01/2015 12:00:00 AM +0000,WASHINGTON,,,1266,,,,SQ,W,,WASHINGTON SQ W
POINT (-73.95549956423564 40.787620832252635),1148,1047439,5136071,,N,2,V,1,10128,08/14/2012 12:00:00 AM +0000,10/01/2015 12:00:00 AM +0000,5,,,24956,,,,AVE,,,5 AVE
POINT (-73.95533108845396 40.78788733934466),1150,1051437,5136072,,N,1,V,1,10029,08/14/2012 12:00:00 AM +0000,10/01/2015 12:00:00 AM +0000,5,,,24956,,,,AVE,,,5 AVE
POINT (-73.97396475678661 40.75079102569547),675,1037549,5125349,,N,1,V,1,10017,07/21/2011 12:00:00 AM +0000,10/01/2015 12:00:00 AM +0000,3,,,73424,,,,AVE,,,3 AVE
POINT (-73.81976315077952 40.83900338051332),1277,2075140,5136351,,N,2,V,2,10465,08/24/2012 12:00:00 AM +0000,10/01/2015 12:00:00 AM +0000,STADIUM,,,90175,,,,AVE,,,STADIUM AVE
POINT (-73.86924734493796 40.678993309501784),432,3093571,5136369,,N,2,V,3,11208,08/24/2012 12:00:00 AM +0000,10/01/2015 12:00:00 AM +0000,AUTUMN,,,76562,,,,AVE,,,AUTUMN AVE
POINT (-73.923790680833 40.64654307112763),5602,3105540,5136389,,N,1,V,3,11203,08/27/2012 12:00:00 AM +0000,10/01/2015 12:00:00 AM +0000,BEVERLEY,,,96876,,,,RD,,,BEVERLEY RD
POINT (-73.93556722166034 40.653738063681224),623,3108416,5136391,,N,2,V,3,11203,08/27/2012 12:00:00 AM +0000,10/01/2015 12:00:00 AM +0000,LINDEN,,,48492,,,,BLVD,,,LINDEN BLVD
POINT (-73.96569663078144 40.64691854975299),1423,3117045,5136392,,N,2,V,3,11226,08/27/2012 12:00:00 AM +0000,10/01/2015 12:00:00 AM +0000,ALBEMARLE,,,77564,,,,RD,,,ALBEMARLE RD
POINT (-74.0343275534129 40.62916725848001),7923,3150753,5136402,,N,1,V,3,11209,08/27/2012 12:00:00 AM +0000,10/01/2015 12:00:00 AM +0000,COLONIAL,,,84775,,,,RD,,,COLONIAL RD
POINT (-73.9495089453097 40.61690817095546),3507,3254478,5136404,,N,1,V,3,11210,08/27/2012 12:00:00 AM +0000,10/01/2015 12:00:00 AM +0000,BEDFORD,,,46821,,,,AVE,,,BEDFORD AVE
POINT (-73.9494489825735 40.61654509845602),3515,3254500,5136405,,N,2,V,3,11210,08/27/2012 12:00:00 AM +0000,10/01/2015 12:00:00 AM +0000,BEDFORD,,,46821,,,,AVE,,,BEDFORD AVE
POINT (-73.9317999014777 40.62085903517019),4502,3254605,5136406,,N,1,V,3,11234,08/27/2012 12:00:00 AM +0000,10/01/2015 12:00:00 AM +0000,M,,,99097,,,AVE,,,,AVE M
POINT (-73.92513389690976 40.61063941439538),4122,3241925,5136407,,N,2,V,3,11234,08/27/2012 12:00:00 AM +0000,10/01/2015 12:00:00 AM +0000,T,,,71687,,,AVE,,,,AVE T
POINT (-73.9827689776862 40.71544746815276),500,1004065,1063012,B,N,2,V,1,10002,04/06/2009 12:00:00 AM +0000,09/25/2015 12:00:00 AM +0000,GRAND,,,73541,,,,ST,,,GRAND ST
POINT (-73.96489837518382 40.77055311781982),730,1041333,1033400,,N,2,V,1,10021,04/06/2009 12:00:00 AM +0000,10/01/2015 12:00:00 AM +0000,PARK,,,21711,,,,AVE,,,PARK AVE
POINT (-73.96778922779745 40.79971577027931),2720,1056586,1046981,,N,2,V,1,10025,04/06/2009 12:00:00 AM +0000,10/01/2015 12:00:00 AM +0000,BROADWAY,,,25128,,,,,,,BROADWAY
POINT (-73.94690306613775 40.771512171805966),33,1051378,1040012,,N,2,V,1,10075,04/06/2009 12:00:00 AM +0000,10/01/2015 12:00:00 AM +0000,END,,,81881,,E,,AVE,,,E  END AVE
POINT (-73.95949752780109 40.77766159245605),950,1046671,1036720,,N,2,V,1,10028,04/06/2009 12:00:00 AM +0000,10/01/2015 12:00:00 AM +0000,PARK,,,89913,,,,AVE,,,PARK AVE
POINT (-73.95992492076013 40.781149486192696),1049,1046842,5132310,,N,2,V,1,10028,04/07/2012 12:00:00 AM +0000,10/01/2015 12:00:00 AM +0000,5,,,19748,,,,AVE,,,5 AVE
POINT (-73.91630089387921 40.869364235563964),5044,1064884,1058549,,N,2,V,1,10034,04/06/2009 12:00:00 AM +0000,10/01/2015 12:00:00 AM +0000,BROADWAY,,,99918,,,,,,,BROADWAY
POINT (-73.96677791072365 40.78931201639263),322,1031636,5124729,,N,2,V,1,10025,07/03/2011 12:00:00 AM +0000,10/01/2015 12:00:00 AM +0000,CENTRAL PARK,,,97385,,,,,W,,CENTRAL PARK  W
POINT (-73.97037147270653 40.76297671865668),500,1036084,1031099,,N,2,V,1,10022,04/06/2009 12:00:00 AM +0000,09/25/2015 12:00:00 AM +0000,PARK,,,72719,,,,AVE,,,PARK AVE
POINT (-73.91078564940678 40.8621142274635),245,2015122,2026665,,N,1,V,2,10468,03/16/2009 12:00:00 AM +0000,09/01/2015 12:00:00 AM +0000,FORDHAM,,,78284,,W,,RD,,,W  FORDHAM RD
POINT (-73.91097121680271 40.81992557320953),751,2096556,2002405,,N,2,V,2,10451,03/16/2009 12:00:00 AM +0000,09/25/2015 12:00:00 AM +0000,ST ANNS,,,100810,,,,AVE,,,ST ANNS AVE
POINT (-73.934055382869 40.69122649460656),124,3043611,3054417,,N,1,V,3,11221,02/13/2009 12:00:00 AM +0000,09/21/2015 12:00:00 AM +0000,STUYVESANT,,,85460,,,,AVE,,,STUYVESANT AVE
POINT (-73.97874450768926 40.749991093921565),77,1019166,1021522,,N,2,V,1,10016,04/06/2009 12:00:00 AM +0000,09/22/2015 12:00:00 AM +0000,PARK,,,4056,,,,AVE,,,PARK AVE
POINT (-73.96207495115017 40.778751494351205),1009,1087074,1036737,,N,2,V,1,10028,04/06/2009 12:00:00 AM +0000,09/22/2015 12:00:00 AM +0000,5,,,89914,,,,AVE,,,5 AVE
POINT (-73.96536442426623 40.774195691516),936,1041673,1033613,,N,2,V,1,10021,04/06/2009 12:00:00 AM +0000,09/22/2015 12:00:00 AM +0000,5,,,82136,,,,AVE,,,5 AVE
POINT (-73.98174350549506 40.74407450009372),160,1018305,1021093,,R,1,V,1,10016,04/06/2009 12:00:00 AM +0000,09/22/2015 12:00:00 AM +0000,LEXINGTON,162,,2046,,,,AVE,,,LEXINGTON AVE
POINT (-73.97628050183124 40.75907781631444),641,1035481,1030920,,N,1,V,1,10022,04/06/2009 12:00:00 AM +0000,09/22/2015 12:00:00 AM +0000,5,,,3460,,,,AVE,,,5 AVE
POINT (-73.9521749929555 40.79209920249677),1216,1051496,1040265,,N,2,V,1,10029,04/06/2009 12:00:00 AM +0000,09/22/2015 12:00:00 AM +0000,5,,,103293,,,,AVE,,,5 AVE
POINT (-73.96145733980511 40.77930951271403),1016,1046770,1036787,,N,2,V,1,10028,04/06/2009 12:00:00 AM +0000,09/22/2015 12:00:00 AM +0000,5,,,19299,,,,AVE,,,5 AVE
POINT (-73.9954346548634 40.73103449869977),1,1066883,1011247,,N,1,V,1,10003,04/06/2009 12:00:00 AM +0000,09/22/2015 12:00:00 AM +0000,WASHINGTON,,,80061,,,,SQ,N,,WASHINGTON SQ N
POINT (-73.95279517476501 40.78566470373285),1217,1048458,1038032,,N,2,V,1,10128,04/06/2009 12:00:00 AM +0000,09/22/2015 12:00:00 AM +0000,PARK,,,99232,,,,AVE,,,PARK AVE
POINT (-73.95172275404782 40.78719523158582),1255,1051719,1040646,,N,1,V,1,10029,04/06/2009 12:00:00 AM +0000,09/22/2015 12:00:00 AM +0000,PARK,,,81552,,,,AVE,,,PARK AVE
POINT (-73.97428415835489 40.79329317600339),680,1033640,1029590,,N,2,V,1,10025,04/06/2009 12:00:00 AM +0000,09/22/2015 12:00:00 AM +0000,END,,,23392,,W,,AVE,,,W  END AVE
POINT (-73.97811461997388 40.79162125639903),173,1034035,1030047,,N,2,V,1,10024,04/06/2009 12:00:00 AM +0000,09/22/2015 12:00:00 AM +0000,RIVERSIDE,,,3616,,,,DR,,,RIVERSIDE DR
POINT (-73.96116645958392 40.78002019845871),1028,1046795,1036820,,N,2,V,1,10028,04/06/2009 12:00:00 AM +0000,09/22/2015 12:00:00 AM +0000,5,,,81587,,,,AVE,,,5 AVE
POINT (-73.935640912194 40.84071086094424),2207,1086200,5134109,,N,1,V,1,10032,06/13/2012 12:00:00 AM +0000,09/22/2015 12:00:00 AM +0000,AMSTERDAM,,,97561,,,,AVE,,,AMSTERDAM AVE
POINT (-73.98005582445532 40.71431506141535),550,1076784,1004769,G,N,1,V,1,10002,04/06/2009 12:00:00 AM +0000,03/02/2017 12:00:00 AM +0000,GRAND,,,66022,,,,ST,,,GRAND ST
POINT (-73.96652314563764 40.77241574725879),910,1041450,1033453,,N,1,V,1,10021,04/06/2009 12:00:00 AM +0000,03/02/2017 12:00:00 AM +0000,5,,,23270,,,,AVE,,,5 AVE
POINT (-73.96454618415015 40.7533097475864),21,1040091,1032570,,N,1,V,1,10022,04/06/2009 12:00:00 AM +0000,09/24/2015 12:00:00 AM +0000,BEEKMAN,,,23402,,,,PL,,,BEEKMAN PL
POINT (-73.94551769650126 40.77447210143218),120,1051245,1039848,,N,1,V,1,10028,04/06/2009 12:00:00 AM +0000,09/24/2015 12:00:00 AM +0000,END,,,19540,,E,,AVE,,,E  END AVE
POINT (-73.9851896005797 40.76037375495605),1601,1076195,1061351,,N,2,V,1,10019,04/06/2009 12:00:00 AM +0000,11/06/2013 12:00:00 AM +0000,BROADWAY,,,67108,,,,,,,BROADWAY
POINT (-73.89705671486108 40.66419976455466),480,3084974,3114780,,N,2,V,3,11207,02/13/2009 12:00:00 AM +0000,10/02/2015 12:00:00 AM +0000,ALABAMA,,,72306,,,,AVE,,,ALABAMA AVE
POINT (-73.91388469087399 40.879354519515104),525,2083313,2095825,,N,2,V,2,10463,03/16/2009 12:00:00 AM +0000,09/01/2015 12:00:00 AM +0000,227,,,87307,,W,,ST,,,W  227 ST
POINT (-73.9507567068104 40.7259594113618),107,3065691,3085023,,N,2,V,3,11222,02/13/2009 12:00:00 AM +0000,09/23/2015 12:00:00 AM +0000,NORMAN,,,45225,,,,AVE,,,NORMAN AVE
POINT (-73.9559415064022 40.787204960945765),1140,1047418,1037257,,N,1,V,1,10128,04/06/2009 12:00:00 AM +0000,09/24/2015 12:00:00 AM +0000,5,,,99231,,,,AVE,,,5 AVE
POINT (-73.96331142206331 40.7724965010719),784,1041504,1033522,,N,2,V,1,10021,04/06/2009 12:00:00 AM +0000,09/24/2015 12:00:00 AM +0000,PARK,,,19472,,,,AVE,,,PARK AVE
POINT (-73.92241275208174 40.61494298602034),5401,3239773,3298943,,N,1,V,3,11234,02/13/2009 12:00:00 AM +0000,09/24/2015 12:00:00 AM +0000,FILLMORE,,,68741,,,,AVE,,,FILLMORE AVE
POINT (-73.98997198523732 40.74153673201176),186,1015566,1018957,,N,1,V,1,10010,04/06/2009 12:00:00 AM +0000,09/28/2015 12:00:00 AM +0000,5,,,1169,,,,AVE,,,5 AVE
POINT (-73.95454985617128 40.78898958837898),1165,1051480,1040206,,N,2,V,1,10029,04/06/2009 12:00:00 AM +0000,09/23/2015 12:00:00 AM +0000,5,,,97330,,,,AVE,,,5 AVE
POINT (-73.96647512172892 40.768157587420475),666,1041223,1062080,,N,1,V,1,10065,04/06/2009 12:00:00 AM +0000,09/23/2015 12:00:00 AM +0000,PARK,,,89953,,,,AVE,,,PARK AVE
POINT (-73.97074829482641 40.784053969625724),239,1031233,1027870,,N,1,V,1,10024,04/06/2009 12:00:00 AM +0000,09/23/2015 12:00:00 AM +0000,CENTRAL PARK,,,23286,,,,,W,,CENTRAL PARK  W
POINT (-73.93342910391794 40.80487705348741),2495,1087849,1064729,,N,2,V,1,10035,05/15/2009 12:00:00 AM +0000,09/23/2015 12:00:00 AM +0000,2,,,27912,,,,AVE,,,2 AVE
POINT (-73.91080013872299 40.82015769310985),767,2096546,5125810,A,N,1,V,2,10451,08/04/2011 12:00:00 AM +0000,09/23/2015 12:00:00 AM +0000,ST ANNS,,,100810,,,,AVE,,,ST ANNS AVE
POINT (-73.91078938441058 40.82015546040128),767,2096546,5125811,B,N,1,V,2,10451,08/04/2011 12:00:00 AM +0000,09/23/2015 12:00:00 AM +0000,ST ANNS,,,100810,,,,AVE,,,ST ANNS AVE
POINT (-73.91077942264054 40.820153391976255),767,2096546,5125812,C,N,1,V,2,10451,08/04/2011 12:00:00 AM +0000,09/23/2015 12:00:00 AM +0000,ST ANNS,,,100810,,,,AVE,,,ST ANNS AVE
POINT (-73.91076405373353 40.8201502011407),767,2096546,5125813,D,N,1,V,2,10451,08/04/2011 12:00:00 AM +0000,09/23/2015 12:00:00 AM +0000,ST ANNS,,,100810,,,,AVE,,,ST ANNS AVE
POINT (-73.97959747506053 40.79037440506093),140,1033933,1029927,,N,1,V,1,10024,04/06/2009 12:00:00 AM +0000,09/24/2015 12:00:00 AM +0000,RIVERSIDE,,,91642,,,,DR,,,RIVERSIDE DR
POINT (-73.95443129521094 40.78915503077809),1170,1051482,1040209,,N,1,V,1,10029,04/06/2009 12:00:00 AM +0000,09/24/2015 12:00:00 AM +0000,5,,,97330,,,,AVE,,,5 AVE
POINT (-73.99138623705863 40.73344221604183),821,1009203,1011696,,N,1,V,1,10003,04/06/2009 12:00:00 AM +0000,09/24/2015 12:00:00 AM +0000,BROADWAY,,,4369,,,,,,,BROADWAY
POINT (-73.96115040867502 40.78023106845935),1030,1046809,1036830,,N,1,V,1,10028,04/06/2009 12:00:00 AM +0000,09/24/2015 12:00:00 AM +0000,5,,,81587,,,,AVE,,,5 AVE
POINT (-73.91051904967544 40.82081460607976),807,2096524,5130473,B,N,1,V,2,10451,02/16/2012 12:00:00 AM +0000,09/23/2015 12:00:00 AM +0000,ST ANNS,,,105165,,,,AVE,,,ST ANNS AVE
POINT (-73.91061007862344 40.820832818734274),805,2096523,5130476,A,N,1,V,2,10451,02/16/2012 12:00:00 AM +0000,09/23/2015 12:00:00 AM +0000,ST ANNS,,,105165,,,,AVE,,,ST ANNS AVE
POINT (-73.91059535315833 40.82082987212347),805,2096523,5130483,B,N,1,V,2,10451,02/16/2012 12:00:00 AM +0000,09/23/2015 12:00:00 AM +0000,ST ANNS,,,105165,,,,AVE,,,ST ANNS AVE
POINT (-73.9105747658596 40.820825753320094),805,2096523,5130484,C,N,1,V,2,10451,02/16/2012 12:00:00 AM +0000,09/23/2015 12:00:00 AM +0000,ST ANNS,,,105165,,,,AVE,,,ST ANNS AVE
POINT (-73.98860741746402 40.74753775202659),1251,1089749,5160067,,N,1,V,1,10001,06/11/2014 12:00:00 AM +0000,10/09/2015 12:00:00 AM +0000,BROADWAY,,,16680,,,,,,,BROADWAY
POINT (-73.9822528867588 40.78497428955133),70,1033717,1029717,,N,2,V,1,10024,04/06/2009 12:00:00 AM +0000,03/21/2018 12:00:00 AM +0000,RIVERSIDE,,,183554,,,,DR,,,RIVERSIDE DR
POINT (-73.98498359685966 40.77619250366341),160,1070689,1027127,,N,2,V,1,10023,04/06/2009 12:00:00 AM +0000,09/09/2016 12:00:00 AM +0000,END,,,79983,,W,,AVE,,,W  END AVE
POINT (-73.98223703851876 40.78235400645534),340,1030851,1027367,,N,2,V,1,10024,04/06/2009 12:00:00 AM +0000,09/28/2015 12:00:00 AM +0000,END,,,2530,,W,,AVE,,,W  END AVE
POINT (-73.98033856069696 40.74926556478824),50,1017205,1020284,,N,1,V,1,10016,04/06/2009 12:00:00 AM +0000,09/25/2015 12:00:00 AM +0000,PARK,,,23427,,,,AVE,,,PARK AVE
POINT (-73.9544904808547 40.78331056473525),1141,1048287,1037815,,N,1,V,1,10128,04/06/2009 12:00:00 AM +0000,03/21/2018 12:00:00 AM +0000,PARK,,,183583,,,,AVE,,,PARK AVE
POINT (-74.1507411106624 40.59699392810863),2800,5131066,5125735,U,N,1,V,5,10314,08/03/2011 12:00:00 AM +0000,12/10/2015 12:00:00 AM +0000,VICTORY,,,170255,,,,BLVD,,,VICTORY BLVD
POINT (-74.14742309728732 40.59869623723885),2800,5107302,5125769,R,N,2,V,5,10314,08/03/2011 12:00:00 AM +0000,12/10/2015 12:00:00 AM +0000,VICTORY,,,170273,,,,BLVD,,,VICTORY BLVD
POINT (-74.15057004144143 40.59760007465588),2800,5107304,5125789,S,N,1,V,5,10314,08/03/2011 12:00:00 AM +0000,12/10/2015 12:00:00 AM +0000,VICTORY,,,170255,,,,BLVD,,,VICTORY BLVD
POINT (-74.14895225632489 40.60071587098418),2800,5107293,5125709,L,N,2,V,5,10314,08/03/2011 12:00:00 AM +0000,12/10/2015 12:00:00 AM +0000,VICTORY,,,104271,,,,BLVD,,,VICTORY BLVD
POINT (-74.1480772125741 40.600773637430805),2800,5107292,5125730,M,N,2,V,5,10314,08/03/2011 12:00:00 AM +0000,12/10/2015 12:00:00 AM +0000,VICTORY,,,104271,,,,BLVD,,,VICTORY BLVD
POINT (-73.81105531431861 40.72564464963389),75-32,4440161,161677,B,Q,2,V,4,11367,09/23/2008 12:00:00 AM +0000,02/05/2014 12:00:00 AM +0000,PARSONS,,,162964,,,,BLVD,,,PARSONS BLVD
POINT (-73.94656813845339 40.83733007468497),884,1063326,1055866,,N,2,V,1,10032,04/06/2009 12:00:00 AM +0000,09/28/2015 12:00:00 AM +0000,RIVERSIDE,,,72775,,,,DR,,,RIVERSIDE DR
POINT (-73.81094493975087 40.725640473608856),75-32,4440160,161676,A,Q,2,V,4,11367,09/23/2008 12:00:00 AM +0000,02/05/2014 12:00:00 AM +0000,PARSONS,,,162964,,,,BLVD,,,PARSONS BLVD
POINT (-73.98213638892132 40.75910022235903),1221,1022693,1023153,,N,2,V,1,10019,04/06/2009 12:00:00 AM +0000,06/20/2016 12:00:00 AM +0000,OF THE AMERICAS,,,67110,,,AVE,,,,AVE OF THE AMERICAS
POINT (-73.91060421698441 40.82059872971652),785,2096528,2002351,,N,2,V,2,10451,03/16/2009 12:00:00 AM +0000,09/25/2015 12:00:00 AM +0000,ST ANNS,,,105165,,,,AVE,,,ST ANNS AVE
POINT (-73.91069760978733 40.82085033086903),803,2096522,2002339,,N,1,V,2,10451,03/16/2009 12:00:00 AM +0000,09/25/2015 12:00:00 AM +0000,ST ANNS,,,105165,,,,AVE,,,ST ANNS AVE
POINT (-73.97294369498769 40.755221184172434),517,1036226,1031244,,N,1,V,1,10017,04/06/2009 12:00:00 AM +0000,06/14/2016 12:00:00 AM +0000,LEXINGTON,,,23277,,,,AVE,,,LEXINGTON AVE
POINT (-73.87722074341349 40.66009398978919),960,3327457,5154894,,N,2,V,3,11208,08/01/2013 12:00:00 AM +0000,01/04/2016 12:00:00 AM +0000,ELTON,,,171824,,,,ST,,,ELTON ST
POINT (-73.97712254363708 40.759431334552545),640,1034516,1030436,,N,2,V,1,10019,04/06/2009 12:00:00 AM +0000,06/14/2016 12:00:00 AM +0000,5,,,72807,,,,AVE,,,5 AVE
POINT (-73.91074992952538 40.8201472687515),767,2096546,2002386,,N,1,V,2,10451,03/16/2009 12:00:00 AM +0000,07/08/2013 12:00:00 AM +0000,ST ANNS,,,100810,,,,AVE,,,ST ANNS AVE